{

    "robot":{
        "name": "UR5",
        "dofs": 6,
        "links":[
            {
                "link_id": 0,
                "dh":{
                    "theta": 0.0,            
                    "d": 0.22,
                    "a": 0.0,
                    "alpha": 1.57079632679489661923
                },
                "dynamic_params":{

                    "mass": 7.9637582,            
                    "com":[-0.0023983783, -0.051099000, 0.0064075029],
                    "inertia":{

                            "Ixx":0.047361000,
                            "Iyy":0.027948983,
                            "Izz":0.040138000,
                            "Ixy":0.0,
                            "Ixz":0.0,
                            "Iyz":0.0
                    }
                        
                }
                
            },



            {
                "link_id": 1,
                "dh":{
                    "theta": 1.57079632679489661923,            
                    "d": 0.0,
                    "a": 0.38,
                    "alpha": 3.14159265358979323846
                },
                "dynamic_params":{

                    "mass": 7.9637582,            
                    "com":[-0.0023983783, -0.051099000, 0.0064075029],
                    "inertia":{

                            "Ixx":0.047361000,
                            "Iyy":0.027948983,
                            "Izz":0.040138000,
                            "Ixy":0.0,
                            "Ixz":0.0,
                            "Iyz":0.0
                    }
                        
                }
                
            },




            {
                "link_id": 2,
                "dh":{
                    "theta": 1.57079632679489661923,            
                    "d": 0.0,
                    "a": 0.0,
                    "alpha": 1.57079632679489661923
                },
                "dynamic_params":{

                    "mass": 7.9637582,            
                    "com":[-0.0023983783, -0.051099000, 0.0064075029],
                    "inertia":{

                            "Ixx":0.047361000,
                            "Iyy":0.027948983,
                            "Izz":0.040138000,
                            "Ixy":0.0,
                            "Ixz":0.0,
                            "Iyz":0.0
                    }
                        
                }
                
            },



            {
                "link_id": 3,
                "dh":{
                    "theta": 0.0,            
                    "d": 0.42,
                    "a": 0.0,
                    "alpha": -1.57079632679489661923
                },
                "dynamic_params":{

                    "mass": 7.9637582,            
                    "com":[-0.0023983783, -0.051099000, 0.0064075029],
                    "inertia":{

                            "Ixx":0.047361000,
                            "Iyy":0.027948983,
                            "Izz":0.040138000,
                            "Ixy":0.0,
                            "Ixz":0.0,
                            "Iyz":0.0
                    }
                        
                }
                
            },



            {
                "link_id": 4,
                "dh":{
                    "theta": 0.0,            
                    "d": 0.0,
                    "a": 0.0,
                    "alpha": 1.57079632679489661923
                },
                "dynamic_params":{

                    "mass": 7.9637582,            
                    "com":[-0.0023983783, -0.051099000, 0.0064075029],
                    "inertia":{

                            "Ixx":0.047361000,
                            "Iyy":0.027948983,
                            "Izz":0.040138000,
                            "Ixy":0.0,
                            "Ixz":0.0,
                            "Iyz":0.0
                    }
                        
                }
                
            },


            {
                "link_id": 5,
                "dh":{
                    "theta": 0.0,            
                    "d":  0.157,
                    "a": 0.0,
                    "alpha": 0.0
                },
                "dynamic_params":{

                    "mass": 7.9637582,            
                    "com":[-0.0023983783, -0.051099000, 0.0064075029],
                    "inertia":{

                            "Ixx":0.047361000,
                            "Iyy":0.027948983,
                            "Izz":0.040138000,
                            "Ixy":0.0,
                            "Ixz":0.0,
                            "Iyz":0.0
                    }
                        
                }
                
            }

        ]

    }

}