{

    "robot":{
        "name": "UR5",
        "dofs": 6,
        "links":[
            {
                "link_id": 0,
                "dh":{
                    "theta": 0.0,            
                    "d": 0.26,
                    "a": -0.000204377,
                    "alpha": -1.57003
                },
                "dynamic_params":{

                    "mass": 19.2996,            
                    "com":[-0.03, 0.064396, 0.07],
                    "inertia":{

                            "Ixx":0.140519,
                            "Iyy":0.165328,
                            "Izz":0.123048,
                            "Ixy":-7e-06,
                            "Ixz":-1.3e-05,
                            "Iyz":0.026103
                    }
                        
                }
                
            },



            {
                "link_id": 1,
                "dh":{
                    "theta": -1.5708,            
                    "d": -0.000534827,
                    "a": 0.600474,
                    "alpha": 8.03477e-05
                },
                "dynamic_params":{

                    "mass": 12.0,            
                    "com":[-0.375, -0.03, 0.2],
                    "inertia":{

                            "Ixx":0.113421,
                            "Iyy":0.257807,
                            "Izz":3.16195,
                            "Ixy":-0.049961,
                            "Ixz":0.056786,
                            "Iyz":-0.050003
                    }
                        
                }
                
            },




            {
                "link_id": 2,
                "dh":{
                    "theta": 1.5708,            
                    "d":  0.000359612,
                    "a": 0.000249092,
                    "alpha":1.57117
                },
                "dynamic_params":{

                    "mass": 8.13459,            
                    "com":[-0.0137217,-0.020, 0.0],
                    "inertia":{

                            "Ixx":0.146158,
                            "Iyy":0.138915,
                            "Izz":3.02187,
                            "Ixy":0.050004,
                            "Ixz":-0.049993,
                            "Iyz":-0.041076
                    }
                        
                }
                
            },



            {
                "link_id": 3,
                "dh":{
                    "theta": 0.0,            
                    "d": 0.699438,
                    "a": -0.000607014,
                    "alpha": -1.57071
                },
                "dynamic_params":{

                    "mass": 5.1504,            
                    "com":[-0.03, 0.2, 0.0],
                    "inertia":{

                            "Ixx":0.142366,
                            "Iyy":0.108425,
                            "Izz":0.815573,
                            "Ixy":0.049995,
                            "Ixz":-0.050002,
                            "Iyz":0.059627
                    }
                        
                }
                
            },



            {
                "link_id": 4,
                "dh":{
                    "theta": 0.0,            
                    "d": 0.000699393,
                    "a": -0.000136619,
                    "alpha": 1.57152
                },
                "dynamic_params":{

                    "mass": 3.11889,            
                    "com":[-0.0165506, 0.0464581, 0.02],
                    "inertia":{

                            "Ixx":0.111521,
                            "Iyy":0.0,
                            "Izz":0.676031,
                            "Ixy":0.0102819,
                            "Ixz":-0.049999,
                            "Iyz":-0.047775
                    }
                        
                }
                
            },


            {
                "link_id": 5,
                "dh":{
                    "theta": 0.0,            
                    "d":  0.1735,
                    "a": 0.0,
                    "alpha": 0.0
                },
                "dynamic_params":{

                    "mass": 0.7456,            
                    "com":[0.009154596, -0.0765042, 0.151525],
                    "inertia":{

                            "Ixx":0.100622,
                            "Iyy":0.100587,
                            "Izz":0.110492,
                            "Ixy":-0.0176466,
                            "Ixz":0.0500034,
                            "Iyz":-0.049986
                    }
                        
                }
                
            }

        ]

    }

}